﻿번호,내용,히든 미쯔비시 PLC 주소,미쯔비시 PLC 주소,LS 산전 주소,SIEMENS 주소,탈부착 월 PLC 주소(LS XGI),탈부착 월 PLC 주소(미쓰비시)
1,송신DATA교반기  정방향,D101,400001,M0,"DB111,0",%MW401 (D500-히든),D1
2,송신DATA교반기  역방향,D102,400002,M1,"DB111,2",%MW402,D2
3,송신DATA교반기  인버터  RST,D103,400003,M2,"DB111,4",%MW403,D3
4,송신DATA교반기  카운터  RST,D104,400004,M3,"DB111,6",%MW404,D4
5,송신DATA교반기  타워등  적색,D105,400005,M4,"DB111,8",%MW405,D5
6,송신DATA교반기  타워등  녹색,D106,400006,M5,"DB111,10",%MW406,D6
7,송신DATA캐핑기  정방향,D107,400007,M6,"DB111,12",%MW407,D7
8,송신DATA캐핑기  역방향,D108,400008,M7,"DB111,14",%MW408,D8
9,송신DATA캐핑기  인버터  RST,D109,400009,M8,"DB111,16",%MW409,D9
10,송신DATA캐핑기  카운터  RST,D110,400010,M9,"DB111,18",%MW410,D10
11,송신DATA캐핑기  타워등  적색,D111,400011,M10,"DB111,20",%MW411,D11
12,송신DATA캐핑기  타워등  녹색,D112,400012,M11,"DB111,22",%MW412,D12
13,송신DATAWALL    자동운전시작,D113,400013,M12,"DB111,24",%MW413,D13
14,송신DATAWALL    자동운전정지,D114,400014,M13,"DB111,26",%MW414,D14
15,송신DATA이송CV  정방향  로봇시뮬,D115,400015,M14,"DB111,28",%MW415,D15
16,송신DATA이송CV  역방향  로봇시뮬,D116,400016,M15,"DB111,30",%MW416,D16
17,송신DATA배출CV  정방향  로봇시뮬,D117,400017,M16,"DB111,32",%MW417,D17
18,송신DATA배출CV  역방향  로봇시뮬,D118,400018,M17,"DB111,34",%MW418,D18
19,송신DATA이송진공ON      로봇시뮬,D119,400019,M18,"DB111,36",%MW419,D19
20,송신DATA이송진공OFF     로봇시뮬,D120,400020,M19,"DB111,38",%MW420,D20
21,송신DATA이송배출ON      로봇시뮬,D121,400021,M20,"DB111,40",%MW421,D21
22,송신DATA이송배출OFF     로봇시뮬,D122,400022,M21,"DB111,42",%MW422,D22
23,송신DATA투입CV  정방향  로봇시뮬,D123,400023,M22,"DB111,44",%MW423,D23
24,송신DATA투입CV  역방향  로봇시뮬,D124,400024,M23,"DB111,46",%MW424,D24
25,송신DATA로봇시뮬1번순서 선택,D125,400025,M24,"DB111,48",%MW425,D25
26,송신DATA로봇시뮬2번순서 선택,D126,400026,M25,"DB111,50",%MW426,D26
27,송신DATA로봇시뮬3번순서 선택,D127,400027,M26,"DB111,52",%MW427,D27
28,송신DATA로봇시뮬4번순서 선택,D128,400028,M27,"DB111,54",%MW428,D28
29,송신DATA로봇시뮬5번순서 선택,D129,400029,M28,"DB111,56",%MW429,D29
30,송신DATA로봇시뮬6번순서 선택,D130,400030,M29,"DB111,58",%MW430,D30
31,송신DATA로봇시뮬7번순서 선택,D131,400031,M30,"DB111,60",%MW431,D31
32,송신DATA로봇시뮬8번순서 선택,D132,400032,M31,"DB111,62",%MW432,D32
33,송신DATA로봇시뮬9번순서 선택,D133,400033,M32,"DB111,64",%MW433,D33
34,송신DATA로봇시뮬10번순서선택,D134,400034,M33,"DB111,66",%MW434,D34
35,송신DATA로봇시뮬11번순서선택,D135,400035,M34,"DB111,68",%MW435,D35
36,송신DATA로봇시뮬12번순서선택,D136,400036,M35,"DB111,70",%MW436,D36
37,송신DATA로봇시뮬적색제품선택,D137,400037,M36,"DB111,72",%MW437,D37
38,송신DATA로봇시뮬황색제품선택,D138,400038,M37,"DB111,74",%MW438,D38
39,송신DATA로봇시뮬녹색제품선택,D139,400039,M38,"DB111,76",%MW439,D39
40,송신DATA로봇시뮬청색제품선택,D140,400040,M39,"DB111,78",%MW440,D40
41,이송로봇시작    신호    수동,D141,400041,M40,"DB111,80",%MW441,D41
42,이송로봇정지    신호    수동,D142,400042,M41,"DB111,82",%MW442,D42
43,이송로봇일시정지신호    수동,D143,400043,M42,"DB111,84",%MW443,D43
44,이송로봇일시정지헤제신호수동,D144,400044,M43,"DB111,86",%MW444,D44
45,이송로봇RESET   신호    수동,D145,400045,M44,"DB111,88",%MW445,D45
46,이송로봇HOME기동신호    수동,D146,400046,M45,"DB111,90",%MW446,D46
47,배출로봇시작    신호    수동,D147,400047,M46,"DB111,92",%MW447,D47
48,배출로봇정지    신호    수동,D148,400048,M47,"DB111,94",%MW448,D48
49,배출로봇일시정지신호    수동,D149,400049,M48,"DB111,96",%MW449,D49
50,배출로봇일시정지헤제신호수동,D150,400050,M49,"DB111,98",%MW450,D50
51,배출로봇RESET   신호    수동,D151,400051,M50,"DB111,100",%MW451,D51
52,배출로봇HOME기동신호    수동,D152,400052,M51,"DB111,102",%MW452,D52
53,로봇시물레이터초기화 SW,D153,400053,M52,"DB111,104",%MW453,D53
54,로봇시물레이터초기화 시작 SW,D154,400054,M53,"DB111,106",%MW454,D54
55,로봇시물레이터 이송/배출 운전선택 SW,D155,400055,M54,"DB111,108",%MW455,D55
56,로봇시뮬레이터 투입 운전선택SW,D156,400056,M55,"DB111,110",%MW456,D56
57,로봇 시스템 장비 reset 신호,D157,400057,M56,"DB111,112",%MW457,D57
58,로봇시스템 공송 운전 신호 시작,D158,400058,M57,"DB111,114",%MW458,D58
59,로봇시스템 공송 운전 신호 정지,D159,400059,M58,"DB111,116",%MW459,D59
60,6축로봇 이상 운전 시작,D160,400060,M59,"DB111,118",%MW460,D60
61,6축 로봇 이상 운전 정지,D161,400061,M60,"DB111,120",%MW461,D61
62,스칼라 로봇 이상 운전 시작,D162,400062,M61,"DB111,122",%MW462,D62
63,스칼라 로봇 이상 운전 정지,D163,400063,M62,"DB111,124",%MW463,D63
64,고정월 이상 시작,D164,400064,M63,"DB111,126",%MW464,D64
65,고정월 이상 정지,D165,400065,M64,"DB111,128",%MW465,D65
66,투입 카운트 리셋,D166,400066,M65,"DB111,130",%MW466,D66
67,배출 카운트 리셋,D167,400067,M66,"DB111,132",%MW467,D67
68,고정월 캐핑 카운트 리셋,D168,400068,M67,"DB111,134",%MW468,D68
69,팝업창 닫기,D169,400069,M68,"DB111,136",%MW469 (D568),D69